trace_file,cache_size,cache_size_label,cache_size_label_type,baseline_algorithm,cacheus_hit_rate,baseline_hit_rate,hit_rate_delta_pp
work/cloudvps/converted/vps26020.blk,166,0.001,unique,arc,5.41,6.44,-1.03
work/cloudvps/converted/vps26020.blk,166,0.001,unique,lecar,5.41,6.72,-1.31
work/cloudvps/converted/vps26020.blk,166,0.001,unique,lfu,5.41,3.22,2.19
work/cloudvps/converted/vps26020.blk,166,0.001,unique,lirs,5.41,4.71,0.7
work/cloudvps/converted/vps26020.blk,166,0.001,unique,lru,5.41,6.03,-0.62
work/cloudvps/converted/vps26020.blk,830,0.005,unique,arc,7.8,8.02,-0.22
work/cloudvps/converted/vps26020.blk,830,0.005,unique,lecar,7.8,7.37,0.43
work/cloudvps/converted/vps26020.blk,830,0.005,unique,lfu,7.8,4.9,2.9
work/cloudvps/converted/vps26020.blk,830,0.005,unique,lirs,7.8,5.8,2.0
work/cloudvps/converted/vps26020.blk,830,0.005,unique,lru,7.8,7.32,0.48
work/cloudvps/converted/vps26020.blk,1660,0.01,unique,arc,8.82,8.83,-0.01
work/cloudvps/converted/vps26020.blk,1660,0.01,unique,lecar,8.82,7.48,1.34
work/cloudvps/converted/vps26020.blk,1660,0.01,unique,lfu,8.82,5.62,3.2
work/cloudvps/converted/vps26020.blk,1660,0.01,unique,lirs,8.82,8.44,0.38
work/cloudvps/converted/vps26020.blk,1660,0.01,unique,lru,8.82,7.41,1.41
work/cloudvps/converted/vps26020.blk,8302,0.05,unique,arc,24.6,24.3,0.3
work/cloudvps/converted/vps26020.blk,8302,0.05,unique,lecar,24.6,10.6,14.0
work/cloudvps/converted/vps26020.blk,8302,0.05,unique,lfu,24.6,19.53,5.07
work/cloudvps/converted/vps26020.blk,8302,0.05,unique,lirs,24.6,25.6,-1.0
work/cloudvps/converted/vps26020.blk,8302,0.05,unique,lru,24.6,7.66,16.94
work/cloudvps/converted/vps26020.blk,16605,0.1,unique,arc,47.13,34.38,12.75
work/cloudvps/converted/vps26020.blk,16605,0.1,unique,lecar,47.13,55.87,-8.74
work/cloudvps/converted/vps26020.blk,16605,0.1,unique,lfu,47.13,42.98,4.15
work/cloudvps/converted/vps26020.blk,16605,0.1,unique,lirs,47.13,61.98,-14.85
work/cloudvps/converted/vps26020.blk,16605,0.1,unique,lru,47.13,23.34,23.79
work/cloudvps/converted/vps26107.blk,2478,0.001,unique,arc,12.4,12.6,-0.2
work/cloudvps/converted/vps26107.blk,2478,0.001,unique,lecar,12.4,8.23,4.17
work/cloudvps/converted/vps26107.blk,2478,0.001,unique,lfu,12.4,3.43,8.97
work/cloudvps/converted/vps26107.blk,2478,0.001,unique,lirs,12.4,12.33,0.07
work/cloudvps/converted/vps26107.blk,2478,0.001,unique,lru,12.4,7.27,5.13
work/cloudvps/converted/vps26107.blk,12390,0.005,unique,arc,20.53,20.12,0.41
work/cloudvps/converted/vps26107.blk,12390,0.005,unique,lecar,20.53,15.72,4.81
work/cloudvps/converted/vps26107.blk,12390,0.005,unique,lfu,20.53,5.92,14.61
work/cloudvps/converted/vps26107.blk,12390,0.005,unique,lirs,20.53,20.05,0.48
work/cloudvps/converted/vps26107.blk,12390,0.005,unique,lru,20.53,14.04,6.49
work/cloudvps/converted/vps26107.blk,24781,0.01,unique,arc,25.8,24.16,1.64
work/cloudvps/converted/vps26107.blk,24781,0.01,unique,lecar,25.8,19.55,6.25
work/cloudvps/converted/vps26107.blk,24781,0.01,unique,lfu,25.8,7.21,18.59
work/cloudvps/converted/vps26107.blk,24781,0.01,unique,lirs,25.8,24.16,1.64
work/cloudvps/converted/vps26107.blk,24781,0.01,unique,lru,25.8,17.7,8.1
work/cloudvps/converted/vps26107.blk,123908,0.05,unique,arc,40.47,39.91,0.56
work/cloudvps/converted/vps26107.blk,123908,0.05,unique,lecar,40.47,38.36,2.11
work/cloudvps/converted/vps26107.blk,123908,0.05,unique,lfu,40.47,20.55,19.92
work/cloudvps/converted/vps26107.blk,123908,0.05,unique,lirs,40.47,41.41,-0.94
work/cloudvps/converted/vps26107.blk,123908,0.05,unique,lru,40.47,35.31,5.16
work/cloudvps/converted/vps26107.blk,247816,0.1,unique,arc,47.78,47.42,0.36
work/cloudvps/converted/vps26107.blk,247816,0.1,unique,lecar,47.78,46.67,1.11
work/cloudvps/converted/vps26107.blk,247816,0.1,unique,lfu,47.78,33.39,14.39
work/cloudvps/converted/vps26107.blk,247816,0.1,unique,lirs,47.78,48.88,-1.1
work/cloudvps/converted/vps26107.blk,247816,0.1,unique,lru,47.78,44.69,3.09
work/cloudvps/converted/vps26134.blk,479,0.001,unique,arc,9.95,10.2,-0.25
work/cloudvps/converted/vps26134.blk,479,0.001,unique,lecar,9.95,9.96,-0.01
work/cloudvps/converted/vps26134.blk,479,0.001,unique,lfu,9.95,5.83,4.12
work/cloudvps/converted/vps26134.blk,479,0.001,unique,lirs,9.95,10.29,-0.34
work/cloudvps/converted/vps26134.blk,479,0.001,unique,lru,9.95,7.18,2.77
work/cloudvps/converted/vps26134.blk,2395,0.005,unique,arc,15.4,14.03,1.37
work/cloudvps/converted/vps26134.blk,2395,0.005,unique,lecar,15.4,12.31,3.09
work/cloudvps/converted/vps26134.blk,2395,0.005,unique,lfu,15.4,10.89,4.51
work/cloudvps/converted/vps26134.blk,2395,0.005,unique,lirs,15.4,15.4,0.0
work/cloudvps/converted/vps26134.blk,2395,0.005,unique,lru,15.4,10.95,4.45
work/cloudvps/converted/vps26134.blk,4791,0.01,unique,arc,20.62,14.58,6.04
work/cloudvps/converted/vps26134.blk,4791,0.01,unique,lecar,20.62,13.63,6.99
work/cloudvps/converted/vps26134.blk,4791,0.01,unique,lfu,20.62,16.78,3.84
work/cloudvps/converted/vps26134.blk,4791,0.01,unique,lirs,20.62,21.1,-0.48
work/cloudvps/converted/vps26134.blk,4791,0.01,unique,lru,20.62,11.78,8.84
work/cloudvps/converted/vps26134.blk,23955,0.05,unique,arc,59.44,57.23,2.21
work/cloudvps/converted/vps26134.blk,23955,0.05,unique,lecar,59.44,54.45,4.99
work/cloudvps/converted/vps26134.blk,23955,0.05,unique,lfu,59.44,52.77,6.67
work/cloudvps/converted/vps26134.blk,23955,0.05,unique,lirs,59.44,59.77,-0.33
work/cloudvps/converted/vps26134.blk,23955,0.05,unique,lru,59.44,25.26,34.18
work/cloudvps/converted/vps26134.blk,47910,0.1,unique,arc,61.84,62.02,-0.18
work/cloudvps/converted/vps26134.blk,47910,0.1,unique,lecar,61.84,60.64,1.2
work/cloudvps/converted/vps26134.blk,47910,0.1,unique,lfu,61.84,58.31,3.53
work/cloudvps/converted/vps26134.blk,47910,0.1,unique,lirs,61.84,62.21,-0.37
work/cloudvps/converted/vps26134.blk,47910,0.1,unique,lru,61.84,56.3,5.54
work/cloudvps/converted/vps26136.blk,741,0.001,unique,arc,5.95,6.03,-0.08
work/cloudvps/converted/vps26136.blk,741,0.001,unique,lecar,5.95,4.94,1.01
work/cloudvps/converted/vps26136.blk,741,0.001,unique,lfu,5.95,2.41,3.54
work/cloudvps/converted/vps26136.blk,741,0.001,unique,lirs,5.95,6.3,-0.35
work/cloudvps/converted/vps26136.blk,741,0.001,unique,lru,5.95,3.14,2.81
work/cloudvps/converted/vps26136.blk,3706,0.005,unique,arc,9.44,9.26,0.18
work/cloudvps/converted/vps26136.blk,3706,0.005,unique,lecar,9.44,7.47,1.97
work/cloudvps/converted/vps26136.blk,3706,0.005,unique,lfu,9.44,4.43,5.01
work/cloudvps/converted/vps26136.blk,3706,0.005,unique,lirs,9.44,9.17,0.27
work/cloudvps/converted/vps26136.blk,3706,0.005,unique,lru,9.44,6.87,2.57
work/cloudvps/converted/vps26136.blk,7412,0.01,unique,arc,11.35,11.01,0.34
work/cloudvps/converted/vps26136.blk,7412,0.01,unique,lecar,11.35,8.6,2.75
work/cloudvps/converted/vps26136.blk,7412,0.01,unique,lfu,11.35,6.14,5.21
work/cloudvps/converted/vps26136.blk,7412,0.01,unique,lirs,11.35,10.94,0.41
work/cloudvps/converted/vps26136.blk,7412,0.01,unique,lru,11.35,7.77,3.58
work/cloudvps/converted/vps26136.blk,37062,0.05,unique,arc,23.84,24.55,-0.71
work/cloudvps/converted/vps26136.blk,37062,0.05,unique,lecar,23.84,19.03,4.81
work/cloudvps/converted/vps26136.blk,37062,0.05,unique,lfu,23.84,17.19,6.65
work/cloudvps/converted/vps26136.blk,37062,0.05,unique,lirs,23.84,24.95,-1.11
work/cloudvps/converted/vps26136.blk,37062,0.05,unique,lru,23.84,12.79,11.05
work/cloudvps/converted/vps26136.blk,74125,0.1,unique,arc,38.44,33.81,4.63
work/cloudvps/converted/vps26136.blk,74125,0.1,unique,lecar,38.44,32.75,5.69
work/cloudvps/converted/vps26136.blk,74125,0.1,unique,lfu,38.44,27.04,11.4
work/cloudvps/converted/vps26136.blk,74125,0.1,unique,lirs,38.44,39.13,-0.69
work/cloudvps/converted/vps26136.blk,74125,0.1,unique,lru,38.44,21.88,16.56
work/cloudvps/converted/vps26148.blk,912,0.001,unique,arc,4.56,4.84,-0.28
work/cloudvps/converted/vps26148.blk,912,0.001,unique,lecar,4.56,4.48,0.08
work/cloudvps/converted/vps26148.blk,912,0.001,unique,lfu,4.56,1.1,3.46
work/cloudvps/converted/vps26148.blk,912,0.001,unique,lirs,4.56,1.65,2.91
work/cloudvps/converted/vps26148.blk,912,0.001,unique,lru,4.56,4.55,0.01
work/cloudvps/converted/vps26148.blk,4563,0.005,unique,arc,7.69,8.08,-0.39
work/cloudvps/converted/vps26148.blk,4563,0.005,unique,lecar,7.69,7.61,0.08
work/cloudvps/converted/vps26148.blk,4563,0.005,unique,lfu,7.69,2.74,4.95
work/cloudvps/converted/vps26148.blk,4563,0.005,unique,lirs,7.69,3.86,3.83
work/cloudvps/converted/vps26148.blk,4563,0.005,unique,lru,7.69,7.16,0.53
work/cloudvps/converted/vps26148.blk,9127,0.01,unique,arc,9.37,9.89,-0.52
work/cloudvps/converted/vps26148.blk,9127,0.01,unique,lecar,9.37,9.03,0.34
work/cloudvps/converted/vps26148.blk,9127,0.01,unique,lfu,9.37,4.56,4.81
work/cloudvps/converted/vps26148.blk,9127,0.01,unique,lirs,9.37,5.73,3.64
work/cloudvps/converted/vps26148.blk,9127,0.01,unique,lru,9.37,8.7,0.67
work/cloudvps/converted/vps26148.blk,45638,0.05,unique,arc,26.64,15.81,10.83
work/cloudvps/converted/vps26148.blk,45638,0.05,unique,lecar,26.64,15.26,11.38
work/cloudvps/converted/vps26148.blk,45638,0.05,unique,lfu,26.64,17.07,9.57
work/cloudvps/converted/vps26148.blk,45638,0.05,unique,lirs,26.64,19.58,7.06
work/cloudvps/converted/vps26148.blk,45638,0.05,unique,lru,26.64,14.63,12.01
work/cloudvps/converted/vps26148.blk,91277,0.1,unique,arc,41.02,38.95,2.07
work/cloudvps/converted/vps26148.blk,91277,0.1,unique,lecar,41.02,37.3,3.72
work/cloudvps/converted/vps26148.blk,91277,0.1,unique,lfu,41.02,30.33,10.69
work/cloudvps/converted/vps26148.blk,91277,0.1,unique,lirs,41.02,40.0,1.02
work/cloudvps/converted/vps26148.blk,91277,0.1,unique,lru,41.02,26.08,14.94
work/cloudvps/converted/vps26215.blk,3176,0.001,unique,arc,21.35,21.56,-0.21
work/cloudvps/converted/vps26215.blk,3176,0.001,unique,lecar,21.35,20.03,1.32
work/cloudvps/converted/vps26215.blk,3176,0.001,unique,lfu,21.35,11.62,9.73
work/cloudvps/converted/vps26215.blk,3176,0.001,unique,lirs,21.35,21.95,-0.6
work/cloudvps/converted/vps26215.blk,3176,0.001,unique,lru,21.35,18.02,3.33
work/cloudvps/converted/vps26215.blk,15884,0.005,unique,arc,29.51,27.03,2.48
work/cloudvps/converted/vps26215.blk,15884,0.005,unique,lecar,29.51,25.3,4.21
work/cloudvps/converted/vps26215.blk,15884,0.005,unique,lfu,29.51,21.64,7.87
work/cloudvps/converted/vps26215.blk,15884,0.005,unique,lirs,29.51,27.77,1.74
work/cloudvps/converted/vps26215.blk,15884,0.005,unique,lru,29.51,24.34,5.17
work/cloudvps/converted/vps26215.blk,31769,0.01,unique,arc,38.26,28.57,9.69
work/cloudvps/converted/vps26215.blk,31769,0.01,unique,lecar,38.26,26.96,11.3
work/cloudvps/converted/vps26215.blk,31769,0.01,unique,lfu,38.26,28.13,10.13
work/cloudvps/converted/vps26215.blk,31769,0.01,unique,lirs,38.26,39.33,-1.07
work/cloudvps/converted/vps26215.blk,31769,0.01,unique,lru,38.26,25.72,12.54
work/cloudvps/converted/vps26215.blk,158848,0.05,unique,arc,51.22,51.72,-0.5
work/cloudvps/converted/vps26215.blk,158848,0.05,unique,lecar,51.22,47.76,3.46
work/cloudvps/converted/vps26215.blk,158848,0.05,unique,lfu,51.22,45.3,5.92
work/cloudvps/converted/vps26215.blk,158848,0.05,unique,lirs,51.22,51.38,-0.16
work/cloudvps/converted/vps26215.blk,158848,0.05,unique,lru,51.22,47.57,3.65
work/cloudvps/converted/vps26215.blk,317696,0.1,unique,arc,52.33,52.5,-0.17
work/cloudvps/converted/vps26215.blk,317696,0.1,unique,lecar,52.33,50.8,1.53
work/cloudvps/converted/vps26215.blk,317696,0.1,unique,lfu,52.33,46.61,5.72
work/cloudvps/converted/vps26215.blk,317696,0.1,unique,lirs,52.33,52.41,-0.08
work/cloudvps/converted/vps26215.blk,317696,0.1,unique,lru,52.33,49.91,2.42
work/cloudvps/converted/vps26254.blk,764,0.001,unique,arc,2.74,2.64,0.1
work/cloudvps/converted/vps26254.blk,764,0.001,unique,lecar,2.74,2.46,0.28
work/cloudvps/converted/vps26254.blk,764,0.001,unique,lfu,2.74,2.26,0.48
work/cloudvps/converted/vps26254.blk,764,0.001,unique,lirs,2.74,2.75,-0.01
work/cloudvps/converted/vps26254.blk,764,0.001,unique,lru,2.74,2.47,0.27
work/cloudvps/converted/vps26254.blk,3824,0.005,unique,arc,4.9,3.0,1.9
work/cloudvps/converted/vps26254.blk,3824,0.005,unique,lecar,4.9,2.89,2.01
work/cloudvps/converted/vps26254.blk,3824,0.005,unique,lfu,4.9,4.24,0.66
work/cloudvps/converted/vps26254.blk,3824,0.005,unique,lirs,4.9,4.81,0.09
work/cloudvps/converted/vps26254.blk,3824,0.005,unique,lru,4.9,2.56,2.34
work/cloudvps/converted/vps26254.blk,7649,0.01,unique,arc,10.27,4.07,6.2
work/cloudvps/converted/vps26254.blk,7649,0.01,unique,lecar,10.27,6.1,4.17
work/cloudvps/converted/vps26254.blk,7649,0.01,unique,lfu,10.27,8.87,1.4
work/cloudvps/converted/vps26254.blk,7649,0.01,unique,lirs,10.27,9.93,0.34
work/cloudvps/converted/vps26254.blk,7649,0.01,unique,lru,10.27,3.35,6.92
work/cloudvps/converted/vps26254.blk,38245,0.05,unique,arc,27.61,25.91,1.7
work/cloudvps/converted/vps26254.blk,38245,0.05,unique,lecar,27.61,24.04,3.57
work/cloudvps/converted/vps26254.blk,38245,0.05,unique,lfu,27.61,25.96,1.65
work/cloudvps/converted/vps26254.blk,38245,0.05,unique,lirs,27.61,25.78,1.83
work/cloudvps/converted/vps26254.blk,38245,0.05,unique,lru,27.61,23.66,3.95
work/cloudvps/converted/vps26254.blk,76490,0.1,unique,arc,31.04,33.32,-2.28
work/cloudvps/converted/vps26254.blk,76490,0.1,unique,lecar,31.04,32.83,-1.79
work/cloudvps/converted/vps26254.blk,76490,0.1,unique,lfu,31.04,32.22,-1.18
work/cloudvps/converted/vps26254.blk,76490,0.1,unique,lirs,31.04,31.5,-0.46
work/cloudvps/converted/vps26254.blk,76490,0.1,unique,lru,31.04,31.99,-0.95
work/cloudvps/converted/vps26255.blk,1633,0.001,unique,arc,41.56,40.36,1.2
work/cloudvps/converted/vps26255.blk,1633,0.001,unique,lecar,41.56,40.2,1.36
work/cloudvps/converted/vps26255.blk,1633,0.001,unique,lfu,41.56,21.48,20.08
work/cloudvps/converted/vps26255.blk,1633,0.001,unique,lirs,41.56,40.45,1.11
work/cloudvps/converted/vps26255.blk,1633,0.001,unique,lru,41.56,36.61,4.95
work/cloudvps/converted/vps26255.blk,8168,0.005,unique,arc,46.99,43.45,3.54
work/cloudvps/converted/vps26255.blk,8168,0.005,unique,lecar,46.99,41.18,5.81
work/cloudvps/converted/vps26255.blk,8168,0.005,unique,lfu,46.99,29.54,17.45
work/cloudvps/converted/vps26255.blk,8168,0.005,unique,lirs,46.99,47.7,-0.71
work/cloudvps/converted/vps26255.blk,8168,0.005,unique,lru,46.99,40.93,6.06
work/cloudvps/converted/vps26255.blk,16336,0.01,unique,arc,53.6,46.14,7.46
work/cloudvps/converted/vps26255.blk,16336,0.01,unique,lecar,53.6,46.43,7.17
work/cloudvps/converted/vps26255.blk,16336,0.01,unique,lfu,53.6,36.91,16.69
work/cloudvps/converted/vps26255.blk,16336,0.01,unique,lirs,53.6,56.03,-2.43
work/cloudvps/converted/vps26255.blk,16336,0.01,unique,lru,53.6,41.63,11.97
work/cloudvps/converted/vps26255.blk,81681,0.05,unique,arc,68.14,68.81,-0.67
work/cloudvps/converted/vps26255.blk,81681,0.05,unique,lecar,68.14,68.32,-0.18
work/cloudvps/converted/vps26255.blk,81681,0.05,unique,lfu,68.14,49.55,18.59
work/cloudvps/converted/vps26255.blk,81681,0.05,unique,lirs,68.14,68.02,0.12
work/cloudvps/converted/vps26255.blk,81681,0.05,unique,lru,68.14,67.34,0.8
work/cloudvps/converted/vps26255.blk,163363,0.1,unique,arc,69.97,71.14,-1.17
work/cloudvps/converted/vps26255.blk,163363,0.1,unique,lecar,69.97,70.17,-0.2
work/cloudvps/converted/vps26255.blk,163363,0.1,unique,lfu,69.97,56.05,13.92
work/cloudvps/converted/vps26255.blk,163363,0.1,unique,lirs,69.97,70.17,-0.2
work/cloudvps/converted/vps26255.blk,163363,0.1,unique,lru,69.97,70.0,-0.03
work/cloudvps/converted/vps26271.blk,262,0.001,unique,arc,18.64,18.38,0.26
work/cloudvps/converted/vps26271.blk,262,0.001,unique,lecar,18.64,17.67,0.97
work/cloudvps/converted/vps26271.blk,262,0.001,unique,lfu,18.64,16.22,2.42
work/cloudvps/converted/vps26271.blk,262,0.001,unique,lirs,18.64,18.35,0.29
work/cloudvps/converted/vps26271.blk,262,0.001,unique,lru,18.64,17.35,1.29
work/cloudvps/converted/vps26271.blk,1314,0.005,unique,arc,21.86,21.76,0.1
work/cloudvps/converted/vps26271.blk,1314,0.005,unique,lecar,21.86,21.54,0.32
work/cloudvps/converted/vps26271.blk,1314,0.005,unique,lfu,21.86,17.06,4.8
work/cloudvps/converted/vps26271.blk,1314,0.005,unique,lirs,21.86,22.28,-0.42
work/cloudvps/converted/vps26271.blk,1314,0.005,unique,lru,21.86,19.75,2.11
work/cloudvps/converted/vps26271.blk,2629,0.01,unique,arc,23.56,22.91,0.65
work/cloudvps/converted/vps26271.blk,2629,0.01,unique,lecar,23.56,22.94,0.62
work/cloudvps/converted/vps26271.blk,2629,0.01,unique,lfu,23.56,18.12,5.44
work/cloudvps/converted/vps26271.blk,2629,0.01,unique,lirs,23.56,23.77,-0.21
work/cloudvps/converted/vps26271.blk,2629,0.01,unique,lru,23.56,21.91,1.65
work/cloudvps/converted/vps26271.blk,13145,0.05,unique,arc,28.96,26.88,2.08
work/cloudvps/converted/vps26271.blk,13145,0.05,unique,lecar,28.96,24.86,4.1
work/cloudvps/converted/vps26271.blk,13145,0.05,unique,lfu,28.96,25.27,3.69
work/cloudvps/converted/vps26271.blk,13145,0.05,unique,lirs,28.96,30.14,-1.18
work/cloudvps/converted/vps26271.blk,13145,0.05,unique,lru,28.96,24.53,4.43
work/cloudvps/converted/vps26271.blk,26290,0.1,unique,arc,34.13,28.45,5.68
work/cloudvps/converted/vps26271.blk,26290,0.1,unique,lecar,34.13,27.13,7.0
work/cloudvps/converted/vps26271.blk,26290,0.1,unique,lfu,34.13,28.47,5.66
work/cloudvps/converted/vps26271.blk,26290,0.1,unique,lirs,34.13,34.07,0.06
work/cloudvps/converted/vps26271.blk,26290,0.1,unique,lru,34.13,25.13,9.0
work/cloudvps/converted/vps26330.blk,379,0.001,unique,arc,36.36,31.07,5.29
work/cloudvps/converted/vps26330.blk,379,0.001,unique,lecar,36.36,21.59,14.77
work/cloudvps/converted/vps26330.blk,379,0.001,unique,lfu,36.36,2.1,34.26
work/cloudvps/converted/vps26330.blk,379,0.001,unique,lirs,36.36,31.01,5.35
work/cloudvps/converted/vps26330.blk,379,0.001,unique,lru,36.36,5.97,30.39
work/cloudvps/converted/vps26330.blk,1898,0.005,unique,arc,56.32,54.52,1.8
work/cloudvps/converted/vps26330.blk,1898,0.005,unique,lecar,56.32,55.26,1.06
work/cloudvps/converted/vps26330.blk,1898,0.005,unique,lfu,56.32,39.65,16.67
work/cloudvps/converted/vps26330.blk,1898,0.005,unique,lirs,56.32,55.36,0.96
work/cloudvps/converted/vps26330.blk,1898,0.005,unique,lru,56.32,45.79,10.53
work/cloudvps/converted/vps26330.blk,3797,0.01,unique,arc,68.02,67.22,0.8
work/cloudvps/converted/vps26330.blk,3797,0.01,unique,lecar,68.02,67.74,0.28
work/cloudvps/converted/vps26330.blk,3797,0.01,unique,lfu,68.02,42.58,25.44
work/cloudvps/converted/vps26330.blk,3797,0.01,unique,lirs,68.02,67.98,0.04
work/cloudvps/converted/vps26330.blk,3797,0.01,unique,lru,68.02,61.31,6.71
work/cloudvps/converted/vps26330.blk,18988,0.05,unique,arc,82.46,81.75,0.71
work/cloudvps/converted/vps26330.blk,18988,0.05,unique,lecar,82.46,81.69,0.77
work/cloudvps/converted/vps26330.blk,18988,0.05,unique,lfu,82.46,47.24,35.22
work/cloudvps/converted/vps26330.blk,18988,0.05,unique,lirs,82.46,81.74,0.72
work/cloudvps/converted/vps26330.blk,18988,0.05,unique,lru,82.46,80.79,1.67
work/cloudvps/converted/vps26330.blk,37977,0.1,unique,arc,84.97,82.85,2.12
work/cloudvps/converted/vps26330.blk,37977,0.1,unique,lecar,84.97,84.2,0.77
work/cloudvps/converted/vps26330.blk,37977,0.1,unique,lfu,84.97,51.24,33.73
work/cloudvps/converted/vps26330.blk,37977,0.1,unique,lirs,84.97,84.84,0.13
work/cloudvps/converted/vps26330.blk,37977,0.1,unique,lru,84.97,81.61,3.36
work/cloudvps/converted/vps26356.blk,296,0.001,unique,arc,8.77,8.77,0.0
work/cloudvps/converted/vps26356.blk,296,0.001,unique,lecar,8.77,7.21,1.56
work/cloudvps/converted/vps26356.blk,296,0.001,unique,lfu,8.77,5.8,2.97
work/cloudvps/converted/vps26356.blk,296,0.001,unique,lirs,8.77,8.23,0.54
work/cloudvps/converted/vps26356.blk,296,0.001,unique,lru,8.77,6.91,1.86
work/cloudvps/converted/vps26356.blk,1484,0.005,unique,arc,10.08,10.2,-0.12
work/cloudvps/converted/vps26356.blk,1484,0.005,unique,lecar,10.08,9.19,0.89
work/cloudvps/converted/vps26356.blk,1484,0.005,unique,lfu,10.08,7.19,2.89
work/cloudvps/converted/vps26356.blk,1484,0.005,unique,lirs,10.08,9.59,0.49
work/cloudvps/converted/vps26356.blk,1484,0.005,unique,lru,10.08,9.33,0.75
work/cloudvps/converted/vps26356.blk,2968,0.01,unique,arc,10.4,10.47,-0.07
work/cloudvps/converted/vps26356.blk,2968,0.01,unique,lecar,10.4,9.67,0.73
work/cloudvps/converted/vps26356.blk,2968,0.01,unique,lfu,10.4,8.51,1.89
work/cloudvps/converted/vps26356.blk,2968,0.01,unique,lirs,10.4,10.21,0.19
work/cloudvps/converted/vps26356.blk,2968,0.01,unique,lru,10.4,9.81,0.59
work/cloudvps/converted/vps26356.blk,14841,0.05,unique,arc,15.69,11.11,4.58
work/cloudvps/converted/vps26356.blk,14841,0.05,unique,lecar,15.69,10.4,5.29
work/cloudvps/converted/vps26356.blk,14841,0.05,unique,lfu,15.69,14.44,1.25
work/cloudvps/converted/vps26356.blk,14841,0.05,unique,lirs,15.69,15.83,-0.14
work/cloudvps/converted/vps26356.blk,14841,0.05,unique,lru,15.69,10.57,5.12
work/cloudvps/converted/vps26356.blk,29683,0.1,unique,arc,19.32,11.33,7.99
work/cloudvps/converted/vps26356.blk,29683,0.1,unique,lecar,19.32,10.71,8.61
work/cloudvps/converted/vps26356.blk,29683,0.1,unique,lfu,19.32,18.57,0.75
work/cloudvps/converted/vps26356.blk,29683,0.1,unique,lirs,19.32,20.09,-0.77
work/cloudvps/converted/vps26356.blk,29683,0.1,unique,lru,19.32,10.81,8.51
work/cloudvps/converted/vps26391.blk,408,0.001,unique,arc,12.73,13.45,-0.72
work/cloudvps/converted/vps26391.blk,408,0.001,unique,lecar,12.73,12.28,0.45
work/cloudvps/converted/vps26391.blk,408,0.001,unique,lfu,12.73,4.01,8.72
work/cloudvps/converted/vps26391.blk,408,0.001,unique,lirs,12.73,13.63,-0.9
work/cloudvps/converted/vps26391.blk,408,0.001,unique,lru,12.73,6.34,6.39
work/cloudvps/converted/vps26391.blk,2040,0.005,unique,arc,18.74,18.9,-0.16
work/cloudvps/converted/vps26391.blk,2040,0.005,unique,lecar,18.74,17.84,0.9
work/cloudvps/converted/vps26391.blk,2040,0.005,unique,lfu,18.74,8.94,9.8
work/cloudvps/converted/vps26391.blk,2040,0.005,unique,lirs,18.74,18.8,-0.06
work/cloudvps/converted/vps26391.blk,2040,0.005,unique,lru,18.74,14.44,4.3
work/cloudvps/converted/vps26391.blk,4080,0.01,unique,arc,21.05,20.68,0.37
work/cloudvps/converted/vps26391.blk,4080,0.01,unique,lecar,21.05,20.43,0.62
work/cloudvps/converted/vps26391.blk,4080,0.01,unique,lfu,21.05,10.98,10.07
work/cloudvps/converted/vps26391.blk,4080,0.01,unique,lirs,21.05,20.86,0.19
work/cloudvps/converted/vps26391.blk,4080,0.01,unique,lru,21.05,16.48,4.57
work/cloudvps/converted/vps26391.blk,20402,0.05,unique,arc,37.95,30.51,7.44
work/cloudvps/converted/vps26391.blk,20402,0.05,unique,lecar,37.95,34.13,3.82
work/cloudvps/converted/vps26391.blk,20402,0.05,unique,lfu,37.95,28.21,9.74
work/cloudvps/converted/vps26391.blk,20402,0.05,unique,lirs,37.95,34.69,3.26
work/cloudvps/converted/vps26391.blk,20402,0.05,unique,lru,37.95,25.57,12.38
work/cloudvps/converted/vps26391.blk,40805,0.1,unique,arc,56.51,53.02,3.49
work/cloudvps/converted/vps26391.blk,40805,0.1,unique,lecar,56.51,54.12,2.39
work/cloudvps/converted/vps26391.blk,40805,0.1,unique,lfu,56.51,45.53,10.98
work/cloudvps/converted/vps26391.blk,40805,0.1,unique,lirs,56.51,57.95,-1.44
work/cloudvps/converted/vps26391.blk,40805,0.1,unique,lru,56.51,37.71,18.8
work/cloudvps/converted/vps26401.blk,1774,0.001,unique,arc,8.56,8.58,-0.02
work/cloudvps/converted/vps26401.blk,1774,0.001,unique,lecar,8.56,8.47,0.09
work/cloudvps/converted/vps26401.blk,1774,0.001,unique,lfu,8.56,5.09,3.47
work/cloudvps/converted/vps26401.blk,1774,0.001,unique,lirs,8.56,8.49,0.07
work/cloudvps/converted/vps26401.blk,1774,0.001,unique,lru,8.56,8.42,0.14
work/cloudvps/converted/vps26401.blk,8874,0.005,unique,arc,13.07,10.51,2.56
work/cloudvps/converted/vps26401.blk,8874,0.005,unique,lecar,13.07,9.83,3.24
work/cloudvps/converted/vps26401.blk,8874,0.005,unique,lfu,13.07,11.25,1.82
work/cloudvps/converted/vps26401.blk,8874,0.005,unique,lirs,13.07,11.73,1.34
work/cloudvps/converted/vps26401.blk,8874,0.005,unique,lru,13.07,8.97,4.1
work/cloudvps/converted/vps26401.blk,17748,0.01,unique,arc,19.53,13.72,5.81
work/cloudvps/converted/vps26401.blk,17748,0.01,unique,lecar,19.53,14.4,5.13
work/cloudvps/converted/vps26401.blk,17748,0.01,unique,lfu,19.53,16.5,3.03
work/cloudvps/converted/vps26401.blk,17748,0.01,unique,lirs,19.53,19.46,0.07
work/cloudvps/converted/vps26401.blk,17748,0.01,unique,lru,19.53,9.47,10.06
work/cloudvps/converted/vps26401.blk,88744,0.05,unique,arc,22.67,22.27,0.4
work/cloudvps/converted/vps26401.blk,88744,0.05,unique,lecar,22.67,20.31,2.36
work/cloudvps/converted/vps26401.blk,88744,0.05,unique,lfu,22.67,22.28,0.39
work/cloudvps/converted/vps26401.blk,88744,0.05,unique,lirs,22.67,22.61,0.06
work/cloudvps/converted/vps26401.blk,88744,0.05,unique,lru,22.67,19.75,2.92
work/cloudvps/converted/vps26401.blk,177488,0.1,unique,arc,24.86,22.61,2.25
work/cloudvps/converted/vps26401.blk,177488,0.1,unique,lecar,24.86,21.09,3.77
work/cloudvps/converted/vps26401.blk,177488,0.1,unique,lfu,24.86,24.57,0.29
work/cloudvps/converted/vps26401.blk,177488,0.1,unique,lirs,24.86,24.89,-0.03
work/cloudvps/converted/vps26401.blk,177488,0.1,unique,lru,24.86,21.06,3.8
work/cloudvps/converted/vps26440.blk,388,0.001,unique,arc,4.96,4.97,-0.01
work/cloudvps/converted/vps26440.blk,388,0.001,unique,lecar,4.96,4.25,0.71
work/cloudvps/converted/vps26440.blk,388,0.001,unique,lfu,4.96,2.97,1.99
work/cloudvps/converted/vps26440.blk,388,0.001,unique,lirs,4.96,4.93,0.03
work/cloudvps/converted/vps26440.blk,388,0.001,unique,lru,4.96,3.67,1.29
work/cloudvps/converted/vps26440.blk,1943,0.005,unique,arc,6.71,6.5,0.21
work/cloudvps/converted/vps26440.blk,1943,0.005,unique,lecar,6.71,4.93,1.78
work/cloudvps/converted/vps26440.blk,1943,0.005,unique,lfu,6.71,4.56,2.15
work/cloudvps/converted/vps26440.blk,1943,0.005,unique,lirs,6.71,7.09,-0.38
work/cloudvps/converted/vps26440.blk,1943,0.005,unique,lru,6.71,4.91,1.8
work/cloudvps/converted/vps26440.blk,3886,0.01,unique,arc,8.75,6.89,1.86
work/cloudvps/converted/vps26440.blk,3886,0.01,unique,lecar,8.75,5.38,3.37
work/cloudvps/converted/vps26440.blk,3886,0.01,unique,lfu,8.75,6.49,2.26
work/cloudvps/converted/vps26440.blk,3886,0.01,unique,lirs,8.75,8.77,-0.02
work/cloudvps/converted/vps26440.blk,3886,0.01,unique,lru,8.75,5.22,3.53
work/cloudvps/converted/vps26440.blk,19430,0.05,unique,arc,25.12,12.33,12.79
work/cloudvps/converted/vps26440.blk,19430,0.05,unique,lecar,25.12,24.27,0.85
work/cloudvps/converted/vps26440.blk,19430,0.05,unique,lfu,25.12,19.48,5.64
work/cloudvps/converted/vps26440.blk,19430,0.05,unique,lirs,25.12,17.55,7.57
work/cloudvps/converted/vps26440.blk,19430,0.05,unique,lru,25.12,8.89,16.23
work/cloudvps/converted/vps26440.blk,38861,0.1,unique,arc,36.47,38.54,-2.07
work/cloudvps/converted/vps26440.blk,38861,0.1,unique,lecar,36.47,44.8,-8.33
work/cloudvps/converted/vps26440.blk,38861,0.1,unique,lfu,36.47,37.28,-0.81
work/cloudvps/converted/vps26440.blk,38861,0.1,unique,lirs,36.47,43.53,-7.06
work/cloudvps/converted/vps26440.blk,38861,0.1,unique,lru,36.47,29.23,7.24
work/cloudvps/converted/vps26458.blk,497,0.001,unique,arc,18.62,18.79,-0.17
work/cloudvps/converted/vps26458.blk,497,0.001,unique,lecar,18.62,14.2,4.42
work/cloudvps/converted/vps26458.blk,497,0.001,unique,lfu,18.62,4.99,13.63
work/cloudvps/converted/vps26458.blk,497,0.001,unique,lirs,18.62,18.61,0.01
work/cloudvps/converted/vps26458.blk,497,0.001,unique,lru,18.62,11.8,6.82
work/cloudvps/converted/vps26458.blk,2486,0.005,unique,arc,27.81,28.3,-0.49
work/cloudvps/converted/vps26458.blk,2486,0.005,unique,lecar,27.81,25.02,2.79
work/cloudvps/converted/vps26458.blk,2486,0.005,unique,lfu,27.81,17.4,10.41
work/cloudvps/converted/vps26458.blk,2486,0.005,unique,lirs,27.81,27.66,0.15
work/cloudvps/converted/vps26458.blk,2486,0.005,unique,lru,27.81,25.38,2.43
work/cloudvps/converted/vps26458.blk,4972,0.01,unique,arc,30.02,30.31,-0.29
work/cloudvps/converted/vps26458.blk,4972,0.01,unique,lecar,30.02,27.44,2.58
work/cloudvps/converted/vps26458.blk,4972,0.01,unique,lfu,30.02,23.47,6.55
work/cloudvps/converted/vps26458.blk,4972,0.01,unique,lirs,30.02,29.81,0.21
work/cloudvps/converted/vps26458.blk,4972,0.01,unique,lru,30.02,27.86,2.16
work/cloudvps/converted/vps26458.blk,24864,0.05,unique,arc,36.98,35.02,1.96
work/cloudvps/converted/vps26458.blk,24864,0.05,unique,lecar,36.98,31.03,5.95
work/cloudvps/converted/vps26458.blk,24864,0.05,unique,lfu,36.98,27.01,9.97
work/cloudvps/converted/vps26458.blk,24864,0.05,unique,lirs,36.98,34.92,2.06
work/cloudvps/converted/vps26458.blk,24864,0.05,unique,lru,36.98,31.27,5.71
work/cloudvps/converted/vps26458.blk,49729,0.1,unique,arc,45.92,46.78,-0.86
work/cloudvps/converted/vps26458.blk,49729,0.1,unique,lecar,45.92,38.26,7.66
work/cloudvps/converted/vps26458.blk,49729,0.1,unique,lfu,45.92,37.66,8.26
work/cloudvps/converted/vps26458.blk,49729,0.1,unique,lirs,45.92,47.69,-1.77
work/cloudvps/converted/vps26458.blk,49729,0.1,unique,lru,45.92,35.15,10.77
work/cloudvps/converted/vps26477.blk,124,0.001,unique,arc,5.45,5.64,-0.19
work/cloudvps/converted/vps26477.blk,124,0.001,unique,lecar,5.45,5.63,-0.18
work/cloudvps/converted/vps26477.blk,124,0.001,unique,lfu,5.45,2.64,2.81
work/cloudvps/converted/vps26477.blk,124,0.001,unique,lirs,5.45,5.55,-0.1
work/cloudvps/converted/vps26477.blk,124,0.001,unique,lru,5.45,4.75,0.7
work/cloudvps/converted/vps26477.blk,623,0.005,unique,arc,8.03,8.24,-0.21
work/cloudvps/converted/vps26477.blk,623,0.005,unique,lecar,8.03,8.22,-0.19
work/cloudvps/converted/vps26477.blk,623,0.005,unique,lfu,8.03,4.05,3.98
work/cloudvps/converted/vps26477.blk,623,0.005,unique,lirs,8.03,7.99,0.04
work/cloudvps/converted/vps26477.blk,623,0.005,unique,lru,8.03,7.85,0.18
work/cloudvps/converted/vps26477.blk,1247,0.01,unique,arc,8.57,8.97,-0.4
work/cloudvps/converted/vps26477.blk,1247,0.01,unique,lecar,8.57,8.56,0.01
work/cloudvps/converted/vps26477.blk,1247,0.01,unique,lfu,8.57,4.56,4.01
work/cloudvps/converted/vps26477.blk,1247,0.01,unique,lirs,8.57,8.6,-0.03
work/cloudvps/converted/vps26477.blk,1247,0.01,unique,lru,8.57,8.45,0.12
work/cloudvps/converted/vps26477.blk,6238,0.05,unique,arc,10.53,9.43,1.1
work/cloudvps/converted/vps26477.blk,6238,0.05,unique,lecar,10.53,9.55,0.98
work/cloudvps/converted/vps26477.blk,6238,0.05,unique,lfu,10.53,6.94,3.59
work/cloudvps/converted/vps26477.blk,6238,0.05,unique,lirs,10.53,10.56,-0.03
work/cloudvps/converted/vps26477.blk,6238,0.05,unique,lru,10.53,9.11,1.42
work/cloudvps/converted/vps26477.blk,12477,0.1,unique,arc,12.41,11.74,0.67
work/cloudvps/converted/vps26477.blk,12477,0.1,unique,lecar,12.41,12.02,0.39
work/cloudvps/converted/vps26477.blk,12477,0.1,unique,lfu,12.41,8.89,3.52
work/cloudvps/converted/vps26477.blk,12477,0.1,unique,lirs,12.41,11.51,0.9
work/cloudvps/converted/vps26477.blk,12477,0.1,unique,lru,12.41,11.21,1.2
work/cloudvps/converted/vps26511.blk,1672,0.001,unique,arc,21.08,16.95,4.13
work/cloudvps/converted/vps26511.blk,1672,0.001,unique,lecar,21.08,16.87,4.21
work/cloudvps/converted/vps26511.blk,1672,0.001,unique,lfu,21.08,8.95,12.13
work/cloudvps/converted/vps26511.blk,1672,0.001,unique,lirs,21.08,21.98,-0.9
work/cloudvps/converted/vps26511.blk,1672,0.001,unique,lru,21.08,8.73,12.35
work/cloudvps/converted/vps26511.blk,8361,0.005,unique,arc,41.18,41.42,-0.24
work/cloudvps/converted/vps26511.blk,8361,0.005,unique,lecar,41.18,39.23,1.95
work/cloudvps/converted/vps26511.blk,8361,0.005,unique,lfu,41.18,18.57,22.61
work/cloudvps/converted/vps26511.blk,8361,0.005,unique,lirs,41.18,41.38,-0.2
work/cloudvps/converted/vps26511.blk,8361,0.005,unique,lru,41.18,36.87,4.31
work/cloudvps/converted/vps26511.blk,16722,0.01,unique,arc,44.2,44.2,0.0
work/cloudvps/converted/vps26511.blk,16722,0.01,unique,lecar,44.2,41.96,2.24
work/cloudvps/converted/vps26511.blk,16722,0.01,unique,lfu,44.2,25.45,18.75
work/cloudvps/converted/vps26511.blk,16722,0.01,unique,lirs,44.2,44.08,0.12
work/cloudvps/converted/vps26511.blk,16722,0.01,unique,lru,44.2,41.34,2.86
work/cloudvps/converted/vps26511.blk,83614,0.05,unique,arc,56.57,55.73,0.84
work/cloudvps/converted/vps26511.blk,83614,0.05,unique,lecar,56.57,54.42,2.15
work/cloudvps/converted/vps26511.blk,83614,0.05,unique,lfu,56.57,42.14,14.43
work/cloudvps/converted/vps26511.blk,83614,0.05,unique,lirs,56.57,59.76,-3.19
work/cloudvps/converted/vps26511.blk,83614,0.05,unique,lru,56.57,49.37,7.2
work/cloudvps/converted/vps26511.blk,167229,0.1,unique,arc,70.03,67.64,2.39
work/cloudvps/converted/vps26511.blk,167229,0.1,unique,lecar,70.03,66.97,3.06
work/cloudvps/converted/vps26511.blk,167229,0.1,unique,lfu,70.03,58.96,11.07
work/cloudvps/converted/vps26511.blk,167229,0.1,unique,lirs,70.03,70.6,-0.57
work/cloudvps/converted/vps26511.blk,167229,0.1,unique,lru,70.03,62.61,7.42
work/cloudvps/converted/vps26535.blk,5451,0.001,unique,arc,6.42,6.37,0.05
work/cloudvps/converted/vps26535.blk,5451,0.001,unique,lecar,6.42,5.31,1.11
work/cloudvps/converted/vps26535.blk,5451,0.001,unique,lfu,6.42,4.28,2.14
work/cloudvps/converted/vps26535.blk,5451,0.001,unique,lirs,6.42,6.4,0.02
work/cloudvps/converted/vps26535.blk,5451,0.001,unique,lru,6.42,4.14,2.28
work/cloudvps/converted/vps26535.blk,27256,0.005,unique,arc,13.88,13.63,0.25
work/cloudvps/converted/vps26535.blk,27256,0.005,unique,lecar,13.88,9.3,4.58
work/cloudvps/converted/vps26535.blk,27256,0.005,unique,lfu,13.88,11.06,2.82
work/cloudvps/converted/vps26535.blk,27256,0.005,unique,lirs,13.88,16.17,-2.29
work/cloudvps/converted/vps26535.blk,27256,0.005,unique,lru,13.88,6.61,7.27
work/cloudvps/converted/vps26535.blk,54513,0.01,unique,arc,23.18,23.87,-0.69
work/cloudvps/converted/vps26535.blk,54513,0.01,unique,lecar,23.18,17.47,5.71
work/cloudvps/converted/vps26535.blk,54513,0.01,unique,lfu,23.18,16.02,7.16
work/cloudvps/converted/vps26535.blk,54513,0.01,unique,lirs,23.18,24.5,-1.32
work/cloudvps/converted/vps26535.blk,54513,0.01,unique,lru,23.18,12.97,10.21
work/cloudvps/converted/vps26535.blk,272566,0.05,unique,arc,33.02,35.47,-2.45
work/cloudvps/converted/vps26535.blk,272566,0.05,unique,lecar,33.02,30.33,2.69
work/cloudvps/converted/vps26535.blk,272566,0.05,unique,lfu,33.02,27.69,5.33
work/cloudvps/converted/vps26535.blk,272566,0.05,unique,lirs,33.02,35.35,-2.33
work/cloudvps/converted/vps26535.blk,272566,0.05,unique,lru,33.02,27.3,5.72
work/cloudvps/converted/vps26535.blk,545133,0.1,unique,arc,38.51,42.15,-3.64
work/cloudvps/converted/vps26535.blk,545133,0.1,unique,lecar,38.51,39.89,-1.38
work/cloudvps/converted/vps26535.blk,545133,0.1,unique,lfu,38.51,36.73,1.78
work/cloudvps/converted/vps26535.blk,545133,0.1,unique,lirs,38.51,41.91,-3.4
work/cloudvps/converted/vps26535.blk,545133,0.1,unique,lru,38.51,35.19,3.32
