trace_name,decoded_path,converted_path,total_decoded_lines,kept_q_events,skipped_lines
vps26020,work/cloudvps/decoded/vps26020.blkparse.txt,work/cloudvps/converted/vps26020.blk,761730,380474,381256
vps26107,work/cloudvps/decoded/vps26107.blkparse.txt,work/cloudvps/converted/vps26107.blk,12919516,6451272,6468244
vps26134,work/cloudvps/decoded/vps26134.blkparse.txt,work/cloudvps/converted/vps26134.blk,1909487,946257,963230
vps26136,work/cloudvps/decoded/vps26136.blkparse.txt,work/cloudvps/converted/vps26136.blk,4749048,2374133,2374915
vps26148,work/cloudvps/decoded/vps26148.blkparse.txt,work/cloudvps/converted/vps26148.blk,5603630,2801423,2802207
vps26215,work/cloudvps/decoded/vps26215.blkparse.txt,work/cloudvps/converted/vps26215.blk,7489850,3736439,3753411
vps26254,work/cloudvps/decoded/vps26254.blkparse.txt,work/cloudvps/converted/vps26254.blk,785094,392261,392833
vps26255,work/cloudvps/decoded/vps26255.blkparse.txt,work/cloudvps/converted/vps26255.blk,4791138,2395208,2395930
vps26271,work/cloudvps/decoded/vps26271.blkparse.txt,work/cloudvps/converted/vps26271.blk,293933,146575,147358
vps26330,work/cloudvps/decoded/vps26330.blkparse.txt,work/cloudvps/converted/vps26330.blk,5433396,2708212,2725184
vps26356,work/cloudvps/decoded/vps26356.blkparse.txt,work/cloudvps/converted/vps26356.blk,460298,229788,230510
vps26391,work/cloudvps/decoded/vps26391.blkparse.txt,work/cloudvps/converted/vps26391.blk,2263628,1131498,1132130
vps26401,work/cloudvps/decoded/vps26401.blkparse.txt,work/cloudvps/converted/vps26401.blk,1610218,804823,805395
vps26440,work/cloudvps/decoded/vps26440.blkparse.txt,work/cloudvps/converted/vps26440.blk,1918724,959086,959638
vps26458,work/cloudvps/decoded/vps26458.blkparse.txt,work/cloudvps/converted/vps26458.blk,1334784,667106,667678
vps26477,work/cloudvps/decoded/vps26477.blkparse.txt,work/cloudvps/converted/vps26477.blk,128558,64003,64555
vps26511,work/cloudvps/decoded/vps26511.blkparse.txt,work/cloudvps/converted/vps26511.blk,9733308,4852188,4881120
vps26535,work/cloudvps/decoded/vps26535.blkparse.txt,work/cloudvps/converted/vps26535.blk,9448030,4723699,4724331
